"","codigo","habitaciones","banios","superficie_total","superficie_construida","estacionamiento","precio","precioPESO","precioUF","fechaPublicacion","categoria","subcategoria","region","Region1","valorUFm2"
"1","6215542","4",NA,225,197,NA,"UF 4.350,00","134575732.5","4350.00","2021-12-23","Venta Usada","Casa","region-metropolitana-de-santiago-rm","RM",19.3333333333333
"2","5656304","3",NA,400,135,"3","UF 8.590,00","265748400.5","8590.00","2021-12-22","Venta Usada","Casa","region-metropolitana-de-santiago-rm","RM",21.475
"3","5680194","4",NA,220,130,"2","UF 6.980,00","215939911","6980.00","2021-12-22","Venta Usada","Casa","region-metropolitana-de-santiago-rm","RM",31.7272727272727
"4","5846290","4",NA,300,170,"2","UF 8.750,00","270698312.5","8750.00","2021-12-22","Venta Usada","Casa","region-metropolitana-de-santiago-rm","RM",29.1666666666667
"5","5985838","4",NA,300,150,"2","UF 9.100,00","281526245","9100.00","2021-12-22","Venta Usada","Casa","region-metropolitana-de-santiago-rm","RM",30.3333333333333
"6","6024178","4",NA,200,150,"2","UF 5.950,00","184074852.5","5950.00","2021-12-22","Venta Usada","Casa","region-metropolitana-de-santiago-rm","RM",29.75
"7","6030203","3",NA,300,128,"2","UF 8.200,00","253682990","8200.00","2021-12-22","Venta Usada","Casa","region-metropolitana-de-santiago-rm","RM",27.3333333333333
"8","6059114","3",NA,454,145,"2","UF 9.250,00","286166787.5","9250.00","2021-12-22","Venta Usada","Casa","region-metropolitana-de-santiago-rm","RM",20.374449339207
"9","6206208","3",NA,NA,126,"2","UF 16.800,00","519740760","16800.00","2021-12-22","Venta Nueva","Casa","region-metropolitana-de-santiago-rm","RM",NA
"10","5676395","3",NA,159.6,282,"3","UF 12.620,00","390424309","12620.00","2021-12-22","Venta Usada","Casa","region-metropolitana-de-santiago-rm","RM",79.0726817042607
"11","4908368","4",NA,470,190,"2","UF 14.000,00","433117300","14000.00","2021-12-22","Venta Usada","Casa","region-metropolitana-de-santiago-rm","RM",29.7872340425532
"12","5857769","6",NA,2000,550,"3","$ 560.000.000"," 560000000","18101.3319024661","2021-12-22","Venta Usada","Casa","region-metropolitana-de-santiago-rm","RM",9.05066595123305
"13","5933236","3",NA,140,89,"2","$ 150.000.000"," 150000000","4848.57104530343","2021-12-22","Venta Usada","Casa","region-metropolitana-de-santiago-rm","RM",34.6326503235959
"14","6205525","4",NA,162,150,"2","$ 120.000.000"," 120000000","3878.85683624275","2021-12-22","Venta Usada","Casa","region-metropolitana-de-santiago-rm","RM",23.9435607175478
"15","5389917","5",NA,212,108,"4","$ 85.000.000"," 85000000","2747.52359233861","2021-12-22","Venta Usada","Casa","region-metropolitana-de-santiago-rm","RM",12.9600169449934
"16","6176889","4",NA,233,68.72,"1","UF 5.000,00","154684750","5000.00","2021-12-21","Venta Usada","Casa","region-metropolitana-de-santiago-rm","RM",21.4592274678112
"17","5894111","3",NA,500,130,"3","$ 9.250"," 9250","0.298995214460378","2021-12-21","Venta Usada","Casa","region-metropolitana-de-santiago-rm","RM",0.000597990428920756
"18","6071548","3",NA,154,85,"2","UF 4.100,00","126841495","4100.00","2021-12-21","Venta Usada","Casa","region-metropolitana-de-santiago-rm","RM",26.6233766233766
"19","6196141","3",NA,70,88,"1","$ 89.000.000"," 89000000","2876.81882021337","2021-12-20","Venta Usada","Casa","region-metropolitana-de-santiago-rm","RM",41.0974117173339
"20","5841656","6",NA,150,144,"1","$ 93.000.000"," 93000000","3006.11404808813","2021-12-20","Venta Usada","Casa","region-metropolitana-de-santiago-rm","RM",20.0407603205875
"21","5585730","3",NA,170,83,"4","UF 4.900,00","151591055","4900.00","2021-12-20","Venta Usada","Casa","region-metropolitana-de-santiago-rm","RM",28.8235294117647
"22","6116118","4",NA,289,177,NA,"UF 6.750,00","208824412.5","6750.00","2021-12-20","Venta Usada","Casa","region-metropolitana-de-santiago-rm","RM",23.356401384083
"23","5935088","2",NA,79,71,"1","UF 2.370,00","73320571.5","2370.00","2021-12-20","Venta Usada","Casa","region-metropolitana-de-santiago-rm","RM",30
"24","6121863","4",NA,200,123,"3","$ 5.711"," 5711","0.184601261598186","2021-12-20","Venta Usada","Casa","region-metropolitana-de-santiago-rm","RM",0.00092300630799093
"25","6195518","4",NA,290,180,"3","$ 220.000.000"," 220000000","7111.2375331117","2021-12-20","Venta Usada","Casa","region-metropolitana-de-santiago-rm","RM",24.5215087348679
"26","6122154","4",NA,171,100,"2","$ 75.000.000"," 75000000","2424.28552265172","2021-12-20","Venta Usada","Casa","region-metropolitana-de-santiago-rm","RM",14.1771083196007
"27","4959696","3",NA,62,45,"2","UF 1.967,00","60852980.65","1967.00","2021-12-20","Venta Usada","Casa","region-metropolitana-de-santiago-rm","RM",31.7258064516129
"28","5400145","3",NA,81,80,"1","$ 67.000.000"," 67000000","2165.6950669022","2021-12-20","Venta Usada","Casa","region-metropolitana-de-santiago-rm","RM",26.7369761345951
"29","6194488","4",NA,199,179,"1","$ 180.000.000"," 180000000","5818.28525436412","2021-12-19","Venta Usada","Casa","region-metropolitana-de-santiago-rm","RM",29.2376143435383
"30","5712648","10",NA,330,310,NA,"UF 11.981,00","370655597.95","11981.00","2021-12-19","Venta Usada","Casa","region-metropolitana-de-santiago-rm","RM",36.3060606060606
"31","5992878","4",NA,100,140,"1","$ 115.000.000"," 115000000","3717.2378013993","2021-12-16","Venta Usada","Casa","region-metropolitana-de-santiago-rm","RM",37.172378013993
"32","5877939","4",NA,325,154,"3","UF 9.900,00","306275805","9900.00","2021-12-16","Venta Usada","Casa","region-metropolitana-de-santiago-rm","RM",30.4615384615385
"33","4999101","13",NA,399,290,"4","$ 620.000.000"," 620000000","20040.7603205875","2021-12-16","Venta Usada","Casa","region-metropolitana-de-santiago-rm","RM",50.2274694751566
"34","5607090","4",NA,136,115,"2","$ 140.000.000"," 140000000","4525.33297561654","2021-12-16","Venta Usada","Casa","region-metropolitana-de-santiago-rm","RM",33.274507173651
"35","3776733","7",NA,1000,250,"8","$ 139.000.000"," 139000000","4493.00916864785","2021-12-16","Venta Usada","Casa","region-metropolitana-de-santiago-rm","RM",4.49300916864785
"36","6181250","3",NA,189,136,"2","UF 6.200,00","191809090","6200.00","2021-12-16","Venta Usada","Casa","region-metropolitana-de-santiago-rm","RM",32.8042328042328
"37","5054707","2",NA,147,50,"1","UF 3.400,00","105185630","3400.00","2021-12-16","Venta Usada","Casa","region-metropolitana-de-santiago-rm","RM",23.1292517006803
"38","5058991","3",NA,350,100,"3","UF 6.100,00","188715395","6100.00","2021-12-16","Venta Usada","Casa","region-metropolitana-de-santiago-rm","RM",17.4285714285714
"39","5449794","3",NA,150,65,"3","$ 105.000.000"," 105000000","3393.9997317124","2021-12-16","Venta Usada","Casa","region-metropolitana-de-santiago-rm","RM",22.6266648780827
"40","5625104","5",NA,180,190,"2","$ 125.000.000"," 125000000","4040.47587108619","2021-12-16","Venta Nueva","Casa","region-metropolitana-de-santiago-rm","RM",22.4470881727011
"41","2988676","16",NA,890,389,"3","$ 358.000.000"," 358000000","11571.9228947909","2021-12-15","Venta Usada","Casa","region-metropolitana-de-santiago-rm","RM",13.0021605559448
"42","6177664","3",NA,111.04,91.09,"1","$ 140.000.000"," 140000000","4525.33297561654","2021-12-15","Venta Usada","Casa","region-metropolitana-de-santiago-rm","RM",40.7540793913593
"43","6177562","3",NA,100,64,"2","UF 2.861,00","88510613.95","2861.00","2021-12-15","Venta Nueva","Casa","region-metropolitana-de-santiago-rm","RM",28.61
"44","6112557","2",NA,NA,54,"1","$ 45.000.000"," 45000000","1454.57131359103","2021-12-15","Venta Usada","Casa","region-metropolitana-de-santiago-rm","RM",NA
"45","4842547","3",NA,265,103,NA,"UF 5.400,00","167059530","5400.00","2021-12-15","Venta Usada","Casa","region-metropolitana-de-santiago-rm","RM",20.377358490566
"46","4574710","3",NA,320,160,"3","UF 5.800,00","179434310","5800.00","2021-12-15","Venta Usada","Casa","region-metropolitana-de-santiago-rm","RM",18.125
"47","6171480","3",NA,137,43,"2","$ 89.000.000"," 89000000","2876.81882021337","2021-12-14","Venta Usada","Casa","region-metropolitana-de-santiago-rm","RM",20.9986775198056
"48","6171409","2",NA,128,56,"2","$ 82.000.000"," 82000000","2650.55217143254","2021-12-14","Venta Usada","Casa","region-metropolitana-de-santiago-rm","RM",20.7074388393167
"49","6171381","4",NA,263,128,"2","UF 5.190,00","160562770.5","5190.00","2021-12-14","Venta Usada","Casa","region-metropolitana-de-santiago-rm","RM",19.7338403041825
"50","6005170","4",NA,573,105,"5","$ 95.000.000"," 95000000","3070.76166202551","2021-12-14","Venta Usada","Casa","region-metropolitana-de-santiago-rm","RM",5.35909539620508
"51","6067888","2",NA,180,100,"1","UF 4.500,00","139216275","4500.00","2021-12-14","Venta Usada","Casa","region-metropolitana-de-santiago-rm","RM",25
"52","6067977","4",NA,420,140,"2","UF 10.500,00","324837975","10500.00","2021-12-14","Venta Usada","Casa","region-metropolitana-de-santiago-rm","RM",25
"53","5883840","3",NA,82,73,"2","$ 75.000.000"," 75000000","2424.28552265172","2021-12-14","Venta Usada","Casa","region-metropolitana-de-santiago-rm","RM",29.5644575933137
"54","5462065","3",NA,98,70,"1","UF 2.160,00","66823812","2160.00","2021-12-13","Venta Usada","Casa","region-metropolitana-de-santiago-rm","RM",22.0408163265306
"55","5462112","2",NA,62,59,"1","UF 1.400,00","43311730","1400.00","2021-12-13","Venta Usada","Casa","region-metropolitana-de-santiago-rm","RM",22.5806451612903
"56","6100802","3",NA,96,134,"1","$ 135.000.000"," 135000000","4363.71394077309","2021-12-13","Venta Usada","Casa","region-metropolitana-de-santiago-rm","RM",45.4553535497197
"57","6103483","3",NA,147,61,"3","$ 105.000.000"," 105000000","3393.9997317124","2021-12-13","Venta Usada","Casa","region-metropolitana-de-santiago-rm","RM",23.0884335490639
"58","5569944","3",NA,200,98,"2","$ 155.000.000"," 155000000","5010.19008014688","2021-12-13","Venta Usada","Casa","region-metropolitana-de-santiago-rm","RM",25.0509504007344
"59","6004371","3",NA,320,150,"4","$ 149.900.000"," 149900000","4845.33866460656","2021-12-12","Venta Usada","Casa","region-metropolitana-de-santiago-rm","RM",15.1416833268955
"60","5043539","4",NA,105,100,"1","$ 67.000.000"," 67000000","2165.6950669022","2021-12-11","Venta Usada","Casa","region-metropolitana-de-santiago-rm","RM",20.6256673038305
"61","5904552","4",NA,404,164,"8","UF 8.581,00","265469967.95","8581.00","2021-12-11","Venta Usada","Casa","region-metropolitana-de-santiago-rm","RM",21.240099009901
"62","5904569","3",NA,263,161,"4","UF 6.313,00","195304965.35","6313.00","2021-12-11","Venta Usada","Casa","region-metropolitana-de-santiago-rm","RM",24.0038022813688
"63","6059363","4",NA,147,99,"1","$ 120.000.000"," 120000000","3878.85683624275","2021-12-10","Venta Usada","Casa","region-metropolitana-de-santiago-rm","RM",26.3867811989303
"64","4690509","4",NA,750,245,"4","$ 400.000.000"," 400000000","12929.5227874758","2021-12-09","Venta Usada","Casa","region-metropolitana-de-santiago-rm","RM",17.2393637166344
"65","5957648","3",NA,90,60,"1","$ 78.000.000"," 78000000","2521.25694355778","2021-12-09","Venta Usada","Casa","region-metropolitana-de-santiago-rm","RM",28.0139660395309
"66","6146828","4",NA,130,132,"1","$ 87.000.000"," 87000000","2812.17120627599","2021-12-09","Venta Usada","Casa","region-metropolitana-de-santiago-rm","RM",21.632086202123
"67","3589486","3",NA,70,NA,"1","$ 83.000.000"," 83000000","2682.87597840123","2021-12-09","Venta Usada","Casa","region-metropolitana-de-santiago-rm","RM",38.3267996914461
"68","4643030","4",NA,300,146,"3","$ 135.000.000"," 135000000","4363.71394077309","2021-12-09","Venta Usada","Casa","region-metropolitana-de-santiago-rm","RM",14.5457131359103
"69","5992530","4",NA,75,55,"1","$ 38.000.000"," 38000000","1228.3046648102","2021-12-09","Venta Usada","Casa","region-metropolitana-de-santiago-rm","RM",16.3773955308027
"70","5340637","3",NA,200,120,"2","$ 94.000.000"," 94000000","3038.43785505682","2021-12-08","Venta Usada","Casa","region-metropolitana-de-santiago-rm","RM",15.1921892752841
"71","5863650","3",NA,150,59,"1","$ 97.000.000"," 97000000","3135.40927596289","2021-12-08","Venta Usada","Casa","region-metropolitana-de-santiago-rm","RM",20.9027285064193
"72","5325483","4",NA,200,138,"4","UF 3.090,00","95595175.5","3090.00","2021-12-07","Venta Usada","Casa","region-metropolitana-de-santiago-rm","RM",15.45
"73","6138658","5",NA,300,137,"4","$ 262.900.000"," 262900000","8497.92885206848","2021-12-07","Venta Usada","Casa","region-metropolitana-de-santiago-rm","RM",28.3264295068949
"74","4966205","3",NA,200,159,"2","UF 5.500,00","170153225","5500.00","2021-12-06","Venta Usada","Casa","region-metropolitana-de-santiago-rm","RM",27.5
"75","5473194","3",NA,200,106,"2","$ 145.000.000"," 145000000","4686.95201045998","2021-12-06","Venta Usada","Casa","region-metropolitana-de-santiago-rm","RM",23.4347600522999
"76","6134236","5",NA,240,165,"1","$ 160.000.000"," 160000000","5171.80911499033","2021-12-06","Venta Usada","Casa","region-metropolitana-de-santiago-rm","RM",21.549204645793
"77","6133857","3",NA,200,75,"2","$ 160.000.000"," 160000000","5171.80911499033","2021-12-06","Venta Usada","Casa","region-metropolitana-de-santiago-rm","RM",25.8590455749517
"78","6018810","5",NA,300,137,"5","UF 8.499,00","262933138.05","8499.00","2021-12-06","Venta Usada","Casa","region-metropolitana-de-santiago-rm","RM",28.33
"79","6118301","6",NA,5000,300,"6","UF 19.500,00","603270525","19500.00","2021-12-02","Venta Usada","Casa","region-metropolitana-de-santiago-rm","RM",3.9
"80","6118072","3",NA,207,110,"1","$ 159.000.000"," 159000000","5139.48530802164","2021-12-02","Venta Usada","Casa","region-metropolitana-de-santiago-rm","RM",24.8284314397181
"81","5634813","6",NA,6942,500,"6","UF 14.400,00","445492080","14400.00","2021-12-02","Venta Usada","Casa","region-metropolitana-de-santiago-rm","RM",2.0743301642178
"82","6112257","3",NA,198,85,"2","$ 165.000.000"," 165000000","5333.42814983378","2021-12-01","Venta Usada","Casa","region-metropolitana-de-santiago-rm","RM",26.9365058072413
"83","6111399","6",NA,1510,356,"3","UF 18.000,00","556865100","18000.00","2021-12-01","Venta Usada","Casa","region-metropolitana-de-santiago-rm","RM",11.9205298013245
"84","6106727","4",NA,180,115,"1","UF 4.400,00","136122580","4400.00","2021-11-30","Venta Usada","Casa","region-metropolitana-de-santiago-rm","RM",24.4444444444444
"85","6106699","5",NA,330,150,"3","UF 9.350,00","289260482.5","9350.00","2021-11-30","Venta Usada","Casa","region-metropolitana-de-santiago-rm","RM",28.3333333333333
"86","6100906","3",NA,162,162,"2","$ 110.000.000"," 110000000","3555.61876655585","2021-11-29","Venta Usada","Casa","region-metropolitana-de-santiago-rm","RM",21.9482639910855
"87","5613900","3",NA,230,96,"2","$ 175.000.000"," 175000000","5656.66621952067","2021-11-28","Venta Usada","Casa","region-metropolitana-de-santiago-rm","RM",24.5942009544377
"88","5871883","4",NA,136,89,"3","$ 147.000.000"," 147000000","4751.59962439736","2021-11-28","Venta Usada","Casa","region-metropolitana-de-santiago-rm","RM",34.9382325323335
"89","5733182","3",NA,53,NA,"1","$ 68.000.000"," 68000000","2198.01887387089","2021-11-26","Venta Usada","Casa","region-metropolitana-de-santiago-rm","RM",41.4720542239791
"90","6080438","4",NA,130,110,"2","UF 3.900,00","120654105","3900.00","2021-11-26","Venta Usada","Casa","region-metropolitana-de-santiago-rm","RM",30
"91","6080373","4",NA,245,197,"1","UF 6.950,00","215011802.5","6950.00","2021-11-26","Venta Usada","Casa","region-metropolitana-de-santiago-rm","RM",28.3673469387755
"92","6072055","2",NA,35,NA,"1","$ 40.000.000"," 40000000","1292.95227874758","2021-11-25","Venta Usada","Casa","region-metropolitana-de-santiago-rm","RM",36.9414936785023
"93","5940836","3",NA,167,NA,"1","$ 102.000.000"," 102000000","3297.02831080633","2021-11-25","Venta Usada","Casa","region-metropolitana-de-santiago-rm","RM",19.7426844958463
"94","6000091","2",NA,NA,NA,"1","$ 90.000.000"," 90000000","2909.14262718206","2021-11-25","Venta Usada","Casa","region-metropolitana-de-santiago-rm","RM",NA
"95","3988745","4",NA,258.88,177,"2","UF 10.000,00","309369500","10000.00","2021-11-24","Venta Usada","Casa","region-metropolitana-de-santiago-rm","RM",38.627935723115
"96","5363152","5",NA,508,255,"5","UF 24.000,00","742486800","24000.00","2021-11-24","Venta Usada","Casa","region-metropolitana-de-santiago-rm","RM",47.244094488189
"97","5830442","3",NA,129,49,"2","$ 110.000.000"," 110000000","3555.61876655585","2021-11-23","Venta Usada","Casa","region-metropolitana-de-santiago-rm","RM",27.5629361748516
"98","6062791","4",NA,210,160,"2","UF 12.400,00","383618180","12400.00","2021-11-23","Venta Usada","Casa","region-metropolitana-de-santiago-rm","RM",59.0476190476191
"99","5842377","3",NA,240,111,"2","UF 7.600,00","235120820","7600.00","2021-11-23","Venta Usada","Casa","region-metropolitana-de-santiago-rm","RM",31.6666666666667
"100","6059498","3",NA,86,74,"1","$ 87.000.000"," 87000000","2812.17120627599","2021-11-22","Venta Usada","Casa","region-metropolitana-de-santiago-rm","RM",32.6996651892557
"101","6059395","3",NA,80,71,"1","$ 70.000.000"," 70000000","2262.66648780827","2021-11-22","Venta Usada","Casa","region-metropolitana-de-santiago-rm","RM",28.2833310976034
"102","6059305","3",NA,95,70,"1","$ 87.000.000"," 87000000","2812.17120627599","2021-11-22","Venta Usada","Casa","region-metropolitana-de-santiago-rm","RM",29.6018021713262
"103","6059279","2",NA,81,51,"2","$ 69.000.000"," 69000000","2230.34268083958","2021-11-22","Venta Usada","Casa","region-metropolitana-de-santiago-rm","RM",27.53509482518
"104","6046636","3",NA,152,120,"3","UF 7.050,00","218105497.5","7050.00","2021-11-22","Venta Usada","Casa","region-metropolitana-de-santiago-rm","RM",46.3815789473684
"105","6059204","2",NA,70,46,"2","$ 67.000.000"," 67000000","2165.6950669022","2021-11-22","Venta Usada","Casa","region-metropolitana-de-santiago-rm","RM",30.9385009557457
"106","6054321","4",NA,330,200,"4","UF 15.000,00","464054250","15000.00","2021-11-22","Venta Usada","Casa","region-metropolitana-de-santiago-rm","RM",45.4545454545455
"107","6046673","3",NA,226,70,"2","$ 140.000.000"," 140000000","4525.33297561654","2021-11-20","Venta Usada","Casa","region-metropolitana-de-santiago-rm","RM",20.0235972372413
"108","6018836","3",NA,110,83,"1","UF 4.776,74","147777766.543","4776.74","2021-11-17","Venta Usada","Casa","region-metropolitana-de-santiago-rm","RM",43.4249090909091
"109","5811333","3",NA,132,87,"2","$ 275.000.000"," 275000000","8889.04691638963","2021-11-16","Venta Usada","Casa","region-metropolitana-de-santiago-rm","RM",67.3412645181033
"110","6023915","3",NA,196,97,"3","$ 175.000.000"," 175000000","5656.66621952067","2021-11-16","Venta Usada","Casa","region-metropolitana-de-santiago-rm","RM",28.8605419363299
"111","6215280","3",NA,120,76,"3","$ 85.000.000"," 85000000","2747.52359233861","2021-12-23","Venta Usada","Casa","v-region-de-valparaiso","V Region",22.8960299361551
"112","6215236","4",NA,331,110,"4","$ 110.000.000"," 110000000","3555.61876655585","2021-12-23","Venta Usada","Casa","v-region-de-valparaiso","V Region",10.7420506542473
"113","6215199","3",NA,NA,95,"2","$ 90.000.000"," 90000000","2909.14262718206","2021-12-23","Venta Usada","Casa","v-region-de-valparaiso","V Region",NA
"114","6215129","4",NA,208,165,"1","$ 235.000.000"," 235000000","7596.09463764204","2021-12-23","Venta Usada","Casa","v-region-de-valparaiso","V Region",36.5196857578944
"115","6215066","6",NA,327,116,"5","$ 165.000.000"," 165000000","5333.42814983378","2021-12-23","Venta Usada","Casa","v-region-de-valparaiso","V Region",16.3101778282379
"116","6214921","4",NA,160,138,NA,"UF 7.280,00","225220996","7280.00","2021-12-23","Venta Usada","Casa","v-region-de-valparaiso","V Region",45.5
"117","6214770","4",NA,200,80,"2","$ 115.000.000"," 115000000","3717.2378013993","2021-12-23","Venta Usada","Casa","v-region-de-valparaiso","V Region",18.5861890069965
"118","5488126","3",NA,68,NA,"1","UF 2.550,00","78889222.5","2550.00","2021-12-23","Venta Nueva","Casa","v-region-de-valparaiso","V Region",37.5
"119","6214519","3",NA,NA,NA,"2","$ 140.000.000"," 140000000","4525.33297561654","2021-12-23","Venta Usada","Casa","v-region-de-valparaiso","V Region",NA
"120","6214480","4",NA,140,120,"1","$ 120.000.000"," 120000000","3878.85683624275","2021-12-23","Venta Usada","Casa","v-region-de-valparaiso","V Region",27.7061202588768
"121","5501829","4",NA,135,46,"2","UF 2.200,00","68061290","2200.00","2021-12-23","Venta Usada","Casa","v-region-de-valparaiso","V Region",16.2962962962963
"122","5999778","5",NA,316,115,"3","$ 78.000.000"," 78000000","2521.25694355778","2021-12-21","Venta Usada","Casa","v-region-de-valparaiso","V Region",7.97866121379044
"123","6188931","4",NA,150,120,"1","$ 117.000.000"," 117000000","3781.88541533668","2021-12-21","Venta Usada","Casa","v-region-de-valparaiso","V Region",25.2125694355779
"124","5392367","2",NA,84,51,"3","$ 59.000.000"," 59000000","1907.10461115268","2021-12-21","Venta Usada","Casa","v-region-de-valparaiso","V Region",22.7036263232462
"125","5314991","3",NA,5200,130,"8","UF 6.800,00","210371260","6800.00","2021-12-20","Venta Usada","Casa","v-region-de-valparaiso","V Region",1.30769230769231
"126","5478572","4",NA,240,133,"3","UF 8.800,00","272245160","8800.00","2021-12-20","Venta Usada","Casa","v-region-de-valparaiso","V Region",36.6666666666667
"127","5712592","4",NA,120,92,"1","UF 6.710,00","207586934.5","6710.00","2021-12-20","Venta Usada","Casa","v-region-de-valparaiso","V Region",55.9166666666667
"128","5959310","4",NA,170,140,"1","$ 210.000.000"," 210000000","6787.9994634248","2021-12-20","Venta Usada","Casa","v-region-de-valparaiso","V Region",39.9294086083812
"129","6177805","4",NA,230,95,"2","$ 390.000.000"," 390000000","12606.2847177889","2021-12-20","Venta Usada","Casa","v-region-de-valparaiso","V Region",54.8099335556039
"130","3573510","6",NA,1180,390,"6","UF 21.000,00","649675950","21000.00","2021-12-17","Venta Nueva","Casa","v-region-de-valparaiso","V Region",17.7966101694915
"131","5512353","4",NA,390,75,"1","$ 66.500.000"," 66500000","2149.53316341785","2021-12-17","Venta Usada","Casa","v-region-de-valparaiso","V Region",5.51162349594321
"132","5448730","3",NA,327,250,"4","$ 165.000.000"," 165000000","5333.42814983378","2021-12-16","Venta Usada","Casa","v-region-de-valparaiso","V Region",16.3101778282379
"133","5490228","5",NA,293,149,"2","$ 177.000.000"," 177000000","5721.31383345805","2021-12-16","Venta Usada","Casa","v-region-de-valparaiso","V Region",19.526668373577
"134","2988826","5",NA,1000,450,"5","UF 26.000,00","804360700","26000.00","2021-12-15","Venta Usada","Casa","v-region-de-valparaiso","V Region",26
"135","2988724","5",NA,1000,450,"5","UF 26.000,00","804360700","26000.00","2021-12-14","Venta Usada","Casa","v-region-de-valparaiso","V Region",26
"136","3062650","4",NA,140,130,NA,"$ 215.000.000"," 215000000","6949.61849826825","2021-12-13","Venta Usada","Casa","v-region-de-valparaiso","V Region",49.6401321304875
"137","6133710","3",NA,120,90,"2","$ 140.000.000"," 140000000","4525.33297561654","2021-12-10","Venta Usada","Casa","v-region-de-valparaiso","V Region",37.7111081301378
"138","2844770","3",NA,116,116,"3","$ 110.000.000"," 110000000","3555.61876655585","2021-12-09","Venta Usada","Casa","v-region-de-valparaiso","V Region",30.6518859185849
"139","4923923","6",NA,240,160,"2","$ 70.000.000"," 70000000","2262.66648780827","2021-12-09","Venta Usada","Casa","v-region-de-valparaiso","V Region",9.42777703253446
"140","2447111","3",NA,500,150,"4","$ 196.000.000"," 196000000","6335.46616586315","2021-12-07","Venta Usada","Casa","v-region-de-valparaiso","V Region",12.6709323317263
"141","4661291","5",NA,301,178,"2","UF 10.500,00","324837975","10500.00","2021-12-07","Venta Usada","Casa","v-region-de-valparaiso","V Region",34.8837209302326
"142","4866536","4",NA,450,288,"4","UF 17.500,00","541396625","17500.00","2021-12-07","Venta Nueva","Casa","v-region-de-valparaiso","V Region",38.8888888888889
"143","5750661","3",NA,NA,NA,NA,"UF 3.780,00","116941671","3780.00","2021-12-06","Venta Nueva","Casa","v-region-de-valparaiso","V Region",NA
"144","4688316","4",NA,400,160,"2","UF 6.990,00","216249280.5","6990.00","2021-12-04","Venta Usada","Casa","v-region-de-valparaiso","V Region",17.475
"145","5084005","4",NA,510,NA,"3","UF 5.377,00","166347980.15","5377.00","2021-12-04","Venta Usada","Casa","v-region-de-valparaiso","V Region",10.543137254902
"146","5501458","3",NA,260,165,"1","$ 140.000.000"," 140000000","4525.33297561654","2021-12-04","Venta Usada","Casa","v-region-de-valparaiso","V Region",17.4051268292944
"147","6119491","10",NA,NA,390,NA,"$ 195.000.000"," 195000000","6303.14235889446","2021-12-03","Venta Usada","Casa","v-region-de-valparaiso","V Region",NA
"148","6118038","5",NA,5000,63,"8","UF 22.366,00","691935823.7","22366.00","2021-12-02","Venta Nueva","Casa","v-region-de-valparaiso","V Region",4.4732
"149","5707142","6",NA,409,205,"3","UF 11.000,00","340306450","11000.00","2021-12-01","Venta Usada","Casa","v-region-de-valparaiso","V Region",26.8948655256724
"150","5647374","4",NA,425,250,"4","$ 270.000.000"," 270000000","8727.42788154618","2021-12-01","Venta Usada","Casa","v-region-de-valparaiso","V Region",20.5351244271675
"151","5573553","10",NA,250,NA,NA,"$ 210.000.000"," 210000000","6787.9994634248","2021-12-01","Venta Usada","Casa","v-region-de-valparaiso","V Region",27.1519978536992
"152","5592511","4",NA,354,230,"2","$ 305.000.000"," 305000000","9858.76112545031","2021-11-30","Venta Usada","Casa","v-region-de-valparaiso","V Region",27.8496076990122
"153","5316544","5",NA,750,396,"4","UF 21.000,00","649675950","21000.00","2021-11-29","Venta Usada","Casa","v-region-de-valparaiso","V Region",28
"154","5659612","9",NA,400,180,"4","UF 7.635,00","236203613.25","7635.00","2021-11-29","Venta Usada","Casa","v-region-de-valparaiso","V Region",19.0875
"155","6103145","3",NA,136,NA,"1","$ 140.000.000"," 140000000","4525.33297561654","2021-11-29","Venta Usada","Casa","v-region-de-valparaiso","V Region",33.274507173651
"156","5884381","3",NA,300,92,"3","$ 88.000.000"," 88000000","2844.49501324468","2021-11-25","Venta Usada","Casa","v-region-de-valparaiso","V Region",9.48165004414893
"157","5909024","6",NA,400,260,"3","UF 11.000,00","340306450","11000.00","2021-11-25","Venta Usada","Casa","v-region-de-valparaiso","V Region",27.5
"158","5718365","4",NA,350,125,"2","$ 170.000.000"," 170000000","5495.04718467722","2021-11-24","Venta Usada","Casa","v-region-de-valparaiso","V Region",15.7001348133635
"159","2906304","3",NA,5000,90,"8","$ 170.000.000"," 170000000","5495.04718467722","2021-11-23","Venta Usada","Casa","v-region-de-valparaiso","V Region",1.09900943693544
"160","6062724","2",NA,106,NA,"1","$ 95.000.000"," 95000000","3070.76166202551","2021-11-23","Venta Usada","Casa","v-region-de-valparaiso","V Region",28.9694496417501
"161","4834944","3",NA,128,130,"1","$ 86.000.000"," 86000000","2779.8473993073","2021-11-23","Venta Usada","Casa","v-region-de-valparaiso","V Region",21.7175578070883
"162","5935127","3",NA,700,153,"4","$ 115.000.000"," 115000000","3717.2378013993","2021-11-22","Venta Usada","Casa","v-region-de-valparaiso","V Region",5.31033971628472
"163","5982371","7",NA,600,150,NA,"$ 86.700.000"," 86700000","2802.47406418538","2021-11-22","Venta Usada","Casa","v-region-de-valparaiso","V Region",4.67079010697563
"164","6058866","6",NA,2477,342,"6","UF 15.000,00","464054250","15000.00","2021-11-22","Venta Usada","Casa","v-region-de-valparaiso","V Region",6.0557125555107
"165","6023744","3",NA,200,93,"2","UF 4.000,00","123747800","4000.00","2021-11-16","Venta Usada","Casa","v-region-de-valparaiso","V Region",20
"166","5704377","8",NA,204,250,"3","$ 155.000.000"," 155000000","5010.19008014688","2021-11-14","Venta Usada","Casa","v-region-de-valparaiso","V Region",24.5597552948376
"167","5082335","3",NA,120,75,"1","UF 2.380,00","73629941","2380.00","2021-11-09","Venta Usada","Casa","v-region-de-valparaiso","V Region",19.8333333333333
"168","5564887","4",NA,NA,65,"1","$ 52.000.000"," 52000000","1680.83796237186","2021-11-08","Venta Usada","Casa","v-region-de-valparaiso","V Region",NA
"169","3770670","8",NA,232,214,"1","$ 220.000.000"," 220000000","7111.2375331117","2021-11-08","Venta Usada","Casa","v-region-de-valparaiso","V Region",30.6518859185849
"170","3591618","6",NA,739,331,"1","$ 400.000.000"," 400000000","12929.5227874758","2021-11-05","Venta Usada","Casa","v-region-de-valparaiso","V Region",17.4959712956371
"171","4882446","3",NA,692,NA,"2","$ 160.000.000"," 160000000","5171.80911499033","2021-11-05","Venta Usada","Casa","v-region-de-valparaiso","V Region",7.47371259391666
"172","5965045","3",NA,5000,NA,NA,"UF 7.234,00","223797896.3","7234.00","2021-11-03","Venta Usada","Casa","v-region-de-valparaiso","V Region",1.4468
"173","5693613","6",NA,315,275,"3","UF 15.000,00","464054250","15000.00","2021-11-02","Venta Usada","Casa","v-region-de-valparaiso","V Region",47.6190476190476
"174","5590000","6",NA,235,221,"3","$ 350.000.000"," 350000000","11313.3324390413","2021-11-02","Venta Usada","Casa","v-region-de-valparaiso","V Region",48.1418401661332
"175","3589333","10",NA,395,740,NA,"$ 200.000.000"," 200000000","6464.76139373791","2021-11-02","Venta Usada","Casa","v-region-de-valparaiso","V Region",16.3664845411086
"176","2342793","5",NA,180,180,"1","$ 230.000.000"," 230000000","7434.47560279859","2021-11-02","Venta Usada","Casa","v-region-de-valparaiso","V Region",41.3026422377699
"177","5950388","3",NA,338,60,"3","$ 105.000.000"," 105000000","3393.9997317124","2021-10-30","Venta Usada","Casa","v-region-de-valparaiso","V Region",10.0414193245929
"178","5592766","2",NA,58,58,NA,"$ 63.500.000"," 63500000","2052.56174251179","2021-10-25","Venta Usada","Casa","v-region-de-valparaiso","V Region",35.3889955605481
"179","5634333","4",NA,5000,400,"4","UF 13.800,00","426929910","13800.00","2021-10-20","Venta Usada","Casa","v-region-de-valparaiso","V Region",2.76
"180","5884301","8",NA,500,130,"2","$ 132.000.000"," 132000000","4266.74251986702","2021-10-15","Venta Usada","Casa","v-region-de-valparaiso","V Region",8.53348503973404
"181","5811174","3",NA,336,116,"2","$ 150.000.000"," 150000000","4848.57104530343","2021-09-29","Venta Usada","Casa","v-region-de-valparaiso","V Region",14.430270968165
"182","5473113","5",NA,2183,NA,"3","UF 11.900,00","368149705","11900.00","2021-09-26","Venta Usada","Casa","v-region-de-valparaiso","V Region",5.4512139257902
"183","5763987","4",NA,5000,350,"4","UF 12.985,00","401716295.75","12985.00","2021-09-17","Venta Nueva","Casa","v-region-de-valparaiso","V Region",2.597
"184","5655965","2",NA,216,67.39,"2","UF 1.600,00","49499120","1600.00","2021-09-07","Venta Usada","Casa","v-region-de-valparaiso","V Region",7.40740740740741
"185","5223152","7",NA,400,320,"1","UF 17.000,00","525928150","17000.00","2021-08-10","Venta Usada","Casa","v-region-de-valparaiso","V Region",42.5
"186","5223516","3",NA,NA,60,NA,"UF 2.200,00","68061290","2200.00","2021-08-10","Venta Nueva","Casa","v-region-de-valparaiso","V Region",NA
"187","5564925","7",NA,1680,350,NA,"$ 500.000.000"," 500000000","16161.9034843448","2021-08-05","Venta Usada","Casa","v-region-de-valparaiso","V Region",9.62018064544333
"188","5435700","2",NA,81,62,"2","$ 70.000.000"," 70000000","2262.66648780827","2021-07-30","Venta Usada","Casa","v-region-de-valparaiso","V Region",27.9341541704725
"189","5385073","10",NA,1015,494,"2","UF 18.000,00","556865100","18000.00","2021-07-07","Venta Usada","Casa","v-region-de-valparaiso","V Region",17.7339901477833
"190","4861853","4",NA,215,160,"2","$ 260.000.000"," 260000000","8404.18981185928","2021-06-22","Venta Usada","Casa","v-region-de-valparaiso","V Region",39.0892549388804
"191","5374362","3",NA,266,88,NA,"$ 65.000.000"," 65000000","2101.04745296482","2021-06-18","Venta Usada","Casa","v-region-de-valparaiso","V Region",7.89867463520609
"192","5325039","4",NA,1300,300,"1","$ 350.000.000"," 350000000","11313.3324390413","2021-06-07","Venta Nueva","Casa","v-region-de-valparaiso","V Region",8.70256341464715
"193","4935054","4",NA,NA,NA,"5","$ 120.000.000"," 120000000","3878.85683624275","2021-06-06","Venta Usada","Casa","v-region-de-valparaiso","V Region",NA
"194","4863784","3",NA,120,75,"1","UF 2.410,00","74558049.5","2410.00","2021-05-01","Venta Usada","Casa","v-region-de-valparaiso","V Region",20.0833333333333
"195","4814628","2",NA,330,54,NA,"$ 38.760.000"," 38760000","1252.87075810641","2021-04-13","Venta Usada","Casa","v-region-de-valparaiso","V Region",3.79657805486791
"196","4869825","3",NA,13000,99,"8","$ 150.000.000"," 150000000","4848.57104530343","2021-02-01","Venta Usada","Casa","v-region-de-valparaiso","V Region",0.372967003484879
"197","3108432","4",NA,NA,240,"2","$ 230.000.000"," 230000000","7434.47560279859","2020-07-15","Venta Usada","Casa","v-region-de-valparaiso","V Region",NA
"198","3344876","3",NA,60,60,"1","UF 2.150,00","66514442.5","2150.00","2020-02-13","Venta Nueva","Casa","v-region-de-valparaiso","V Region",35.8333333333333
"199","5887173","3",NA,190,112,"2","UF 4.400,00","136122580","4400.00","2021-12-23","Venta Usada","Casa","v-region-de-valparaiso","V Region",23.1578947368421
"200","6215597","4",NA,371,107,"3","UF 6.500,00","201090175","6500.00","2021-12-23","Venta Usada","Casa","v-region-de-valparaiso","V Region",17.5202156334232
"201","5870582","9",NA,170,460,NA,"$ 260.000.000"," 260000000","8404.18981185928","2021-12-23","Venta Usada","Casa","v-region-de-valparaiso","V Region",49.4364106579958
"202","6215219","3",NA,100,90,"2","$ 95.000.000"," 95000000","3070.76166202551","2021-12-23","Venta Usada","Casa","v-region-de-valparaiso","V Region",30.7076166202551
"203","5904272","10",NA,395,740,NA,"$ 200.000.000"," 200000000","6464.76139373791","2021-12-23","Venta Usada","Casa","v-region-de-valparaiso","V Region",16.3664845411086
"204","6214902","14",NA,1575,1575,"7","UF 26.000,00","804360700","26000.00","2021-12-23","Venta Usada","Casa","v-region-de-valparaiso","V Region",16.5079365079365
"205","5861472","2",NA,700,60,"3","$ 140.000.000"," 140000000","4525.33297561654","2021-12-23","Venta Usada","Casa","v-region-de-valparaiso","V Region",6.46476139373791
"206","5857900","5",NA,290,200,"2","UF 10.400,00","321744280","10400.00","2021-12-23","Venta Usada","Casa","v-region-de-valparaiso","V Region",35.8620689655172
"207","5857876","5",NA,230,140,"2","$ 290.000.000"," 290000000","9373.90402091997","2021-12-23","Venta Usada","Casa","v-region-de-valparaiso","V Region",40.7561044387825
"208","5857845","5",NA,375,170,"5","UF 11.000,00","340306450","11000.00","2021-12-23","Venta Usada","Casa","v-region-de-valparaiso","V Region",29.3333333333333
"209","6214836","3",NA,180,450,NA,"$ 285.000.000"," 285000000","9212.28498607652","2021-12-23","Venta Usada","Casa","v-region-de-valparaiso","V Region",51.1793610337584
"210","5861447","3",NA,1067,90,"4","$ 112.000.000"," 112000000","3620.26638049323","2021-12-23","Venta Usada","Casa","v-region-de-valparaiso","V Region",3.39293943813798
"211","6214819","3",NA,150,400,NA,"$ 210.000.000"," 210000000","6787.9994634248","2021-12-23","Venta Usada","Casa","v-region-de-valparaiso","V Region",45.2533297561653
"212","5904206","5",NA,450,350,NA,"UF 20.000,00","618739000","20000.00","2021-12-23","Venta Usada","Casa","v-region-de-valparaiso","V Region",44.4444444444444
"213","5904240","10",NA,240,250,NA,"$ 260.000.000"," 260000000","8404.18981185928","2021-12-23","Venta Usada","Casa","v-region-de-valparaiso","V Region",35.0174575494137
"214","6214800","4",NA,109,285,"2","$ 250.000.000"," 250000000","8080.95174217239","2021-12-23","Venta Usada","Casa","v-region-de-valparaiso","V Region",74.1371719465357
"215","5673748","3",NA,120,120,"1","$ 78.000.000"," 78000000","2521.25694355778","2021-12-23","Venta Usada","Casa","v-region-de-valparaiso","V Region",21.0104745296482
"216","5488142","3",NA,600,NA,"1","UF 18.900,00","584708355","18900.00","2021-12-23","Venta Nueva","Casa","v-region-de-valparaiso","V Region",31.5
"217","6214501","4",NA,118,100,"1","$ 115.000.000"," 115000000","3717.2378013993","2021-12-23","Venta Usada","Casa","v-region-de-valparaiso","V Region",31.5020152660958
"218","6212478","2",NA,48,48,"2","$ 55.000.000"," 55000000","1777.80938327793","2021-12-23","Venta Usada","Casa","v-region-de-valparaiso","V Region",37.0376954849569
"219","3961069","5",NA,7000,520,"8","$ 500.000.000"," 500000000","16161.9034843448","2021-12-23","Venta Usada","Casa","v-region-de-valparaiso","V Region",2.3088433549064
"220","5854219","4",NA,360,120,NA,"UF 4.300,00","133028885","4300.00","2021-12-23","Venta Usada","Casa","v-region-de-valparaiso","V Region",11.9444444444444
"221","6195949","3",NA,180,82,"2","$ 121.000.000"," 121000000","3911.18064321143","2021-12-20","Venta Usada","Casa","x-region-de-los-lagos","X Region",21.7287813511746
"222","5471836","4",NA,377,133,"2","$ 74.000.000"," 74000000","2391.96171568303","2021-12-20","Venta Usada","Casa","x-region-de-los-lagos","X Region",6.34472603629451
"223","5732310","5",NA,284,366,NA,"UF 27.334,00","845630591.3","27334.00","2021-12-20","Venta Usada","Casa","x-region-de-los-lagos","X Region",96.2464788732394
"224","5790117","6",NA,261,180,"1","$ 140.000.000"," 140000000","4525.33297561654","2021-12-20","Venta Usada","Casa","x-region-de-los-lagos","X Region",17.3384405196036
"225","6181772","5",NA,NA,275,"3","UF 15.000,00","464054250","15000.00","2021-12-16","Venta Nueva","Casa","x-region-de-los-lagos","X Region",NA
"226","6029293","5",NA,327,NA,"1","$ 180.000.000"," 180000000","5818.28525436412","2021-12-08","Venta Usada","Casa","x-region-de-los-lagos","X Region",17.7929212671686
"227","6134281",NA,NA,NA,140,NA,"UF 5.500,00","170153225","5500.00","2021-12-06","Venta Nueva","Casa","x-region-de-los-lagos","X Region",NA
"228","5933581","2",NA,34,24,NA,"UF 950,00","29390102.5","950.00","2021-12-06","Venta Nueva","Casa","x-region-de-los-lagos","X Region",27.9411764705882
"229","5082935","3",NA,191,198,"1","$ 140.000.000"," 140000000","4525.33297561654","2021-11-27","Venta Usada","Casa","x-region-de-los-lagos","X Region",23.6928428042751
"230","5088953","3",NA,5000,100,"8","$ 140.000.000"," 140000000","4525.33297561654","2021-11-27","Venta Nueva","Casa","x-region-de-los-lagos","X Region",0.905066595123308
"231","5138918","3",NA,117,134,"2","$ 70.000.000"," 70000000","2262.66648780827","2021-11-27","Venta Usada","Casa","x-region-de-los-lagos","X Region",19.3390298103271
"232","5388870","7",NA,5270,NA,"8","$ 225.000.000"," 225000000","7272.85656795515","2021-11-27","Venta Usada","Casa","x-region-de-los-lagos","X Region",1.38004868462147
"233","5558299","4",NA,5000,140,"8","UF 8.000,00","247495600","8000.00","2021-11-27","Venta Usada","Casa","x-region-de-los-lagos","X Region",1.6
"234","5733382","4",NA,258,117,"2","UF 5.400,00","167059530","5400.00","2021-11-27","Venta Usada","Casa","x-region-de-los-lagos","X Region",20.9302325581395
"235","5707029","8",NA,330,150,"2","UF 6.800,00","210371260","6800.00","2021-11-25","Venta Usada","Casa","x-region-de-los-lagos","X Region",20.6060606060606
"236","4581249",NA,NA,305,NA,NA,"UF 3.000,00","92810850","3000.00","2021-11-17","Venta Usada","Casa","x-region-de-los-lagos","X Region",9.83606557377049
"237","5047006","6",NA,315,200,"1","UF 14.100,00","436210995","14100.00","2021-11-17","Venta Usada","Casa","x-region-de-los-lagos","X Region",44.7619047619048
"238","4581280","5",NA,305,NA,"1","$ 98.000.000"," 98000000","3167.73308293158","2021-10-19","Venta Usada","Casa","x-region-de-los-lagos","X Region",10.3860101079724
"239","5465233","6",NA,536,273,"2","$ 260.000.000"," 260000000","8404.18981185928","2021-07-15","Venta Usada","Casa","x-region-de-los-lagos","X Region",15.6794586042151
"240","6212184","3",NA,107,107,"2","$ 155.000.000"," 155000000","5010.19008014688","2021-12-23","Venta Usada","Casa","x-region-de-los-lagos","X Region",46.8242063565129
"241","6210849","4",NA,160,60,"1","$ 65.000.000"," 65000000","2101.04745296482","2021-12-23","Venta Usada","Casa","x-region-de-los-lagos","X Region",13.1315465810301
"242","6210231","2",NA,6067,150,"2","UF 6.090,00","188406025.5","6090.00","2021-12-23","Venta Usada","Casa","x-region-de-los-lagos","X Region",1.00379100049448
"243","6210207","3",NA,136,98,"3","$ 90.000.000"," 90000000","2909.14262718206","2021-12-23","Venta Usada","Casa","x-region-de-los-lagos","X Region",21.3907546116328
"244","5580509","3",NA,101,101,"1","$ 47.000.000"," 47000000","1519.21892752841","2021-12-23","Venta Usada","Casa","x-region-de-los-lagos","X Region",15.0417715596872
"245","6208161","2",NA,70,200,"3","$ 92.000.000"," 92000000","2973.79024111944","2021-12-23","Venta Usada","Casa","x-region-de-los-lagos","X Region",42.4827177302777
"246","6206417","7",NA,NA,302,"2","$ 120.000.000"," 120000000","3878.85683624275","2021-12-22","Venta Usada","Casa","x-region-de-los-lagos","X Region",NA
"247","5435155",NA,NA,NA,NA,NA,"$ 200.000.000"," 200000000","6464.76139373791","2021-12-22","Venta Usada","Casa","x-region-de-los-lagos","X Region",NA
"248","6136907","2",NA,80,54,"1","$ 70.000.000"," 70000000","2262.66648780827","2021-12-22","Venta Usada","Casa","x-region-de-los-lagos","X Region",28.2833310976034
"249","6060107","3",NA,5000,180,"3","UF 9.450,00","292354177.5","9450.00","2021-12-22","Venta Usada","Casa","x-region-de-los-lagos","X Region",1.89
"250","5718634","4",NA,5000,261,"7","UF 16.800,00","519740760","16800.00","2021-12-22","Venta Usada","Casa","x-region-de-los-lagos","X Region",3.36
"251","5779107","9",NA,500,258,"3","UF 7.100,00","219652345","7100.00","2021-12-22","Venta Usada","Casa","x-region-de-los-lagos","X Region",14.2
"252","5851794","4",NA,230,95,"1","$ 65.000.000"," 65000000","2101.04745296482","2021-12-22","Venta Usada","Casa","x-region-de-los-lagos","X Region",9.134988925934
"253","5152205","10",NA,50000,480,"8","UF 20.500,00","634207475","20500.00","2021-12-22","Venta Usada","Casa","x-region-de-los-lagos","X Region",0.41
"254","6135484","4",NA,480,480,"2","UF 22.726,00","703073125.7","22726.00","2021-12-22","Venta Usada","Casa","x-region-de-los-lagos","X Region",47.3458333333333
"255","6200836","3",NA,407,85,"1","$ 95.000.000"," 95000000","3070.76166202551","2021-12-21","Venta Usada","Casa","x-region-de-los-lagos","X Region",7.54486894846563
"256","5708520","3",NA,5240,150,"2","UF 11.700,00","361962315","11700.00","2021-12-21","Venta Usada","Casa","x-region-de-los-lagos","X Region",2.23282442748092
"257","6198541","4",NA,1050,216,NA,"$ 218.000.000"," 218000000","7046.58991917432","2021-12-21","Venta Usada","Casa","x-region-de-los-lagos","X Region",6.71103801826126
"258","6198488","4",NA,144,94,"2","UF 3.250,00","100545087.5","3250.00","2021-12-21","Venta Usada","Casa","x-region-de-los-lagos","X Region",22.5694444444444
"259","6197035","9",NA,10450,332,NA,"UF 13.750,00","425383062.5","13750.00","2021-12-21","Venta Usada","Casa","x-region-de-los-lagos","X Region",1.31578947368421
"260","6196819","4",NA,5000,271,"3","UF 13.500,00","417648825","13500.00","2021-12-21","Venta Usada","Casa","x-region-de-los-lagos","X Region",2.7
"261","5012316",NA,NA,1150,800,NA,"UF 26.990,00","834988280.5","26990.00","2021-12-20","Venta Usada","Casa","x-region-de-los-lagos","X Region",23.4695652173913
"262","5152129","3",NA,5000,176,"4","UF 7.500,00","232027125","7500.00","2021-12-20","Venta Usada","Casa","x-region-de-los-lagos","X Region",1.5
"263","5838138","5",NA,16000,400,NA,"UF 27.500,00","850766125","27500.00","2021-12-20","Venta Usada","Casa","x-region-de-los-lagos","X Region",1.71875
"264","5385904","5",NA,9380,310,"2","UF 22.800,00","705362460","22800.00","2021-12-19","Venta Usada","Casa","x-region-de-los-lagos","X Region",2.43070362473348
"265","5847050","2",NA,86,20000,"4","UF 5.600,00","173246920","5600.00","2021-12-19","Venta Usada","Casa","x-region-de-los-lagos","X Region",65.1162790697674
"266","5902446","2",NA,120,50,"1","$ 64.000.000"," 64000000","2068.72364599613","2021-12-19","Venta Usada","Casa","x-region-de-los-lagos","X Region",17.2393637166344
"267","5638086","5",NA,185,260,NA,"UF 6.330,00","195830893.5","6330.00","2021-12-18","Venta Usada","Casa","x-region-de-los-lagos","X Region",34.2162162162162
"268","5719978","6",NA,520,160,NA,"UF 10.500,00","324837975","10500.00","2021-12-18","Venta Usada","Casa","x-region-de-los-lagos","X Region",20.1923076923077
"269","6030517","3",NA,145,54,"1","UF 1.490,00","46096055.5","1490.00","2021-12-18","Venta Usada","Casa","x-region-de-los-lagos","X Region",10.2758620689655
"270","5643882","3",NA,300,120,"2","UF 5.528,00","171019459.6","5528.00","2021-12-17","Venta Usada","Casa","x-region-de-los-lagos","X Region",18.4266666666667
"271","6028653","6",NA,NA,NA,"1","$ 105.000.000"," 105000000","3393.9997317124","2021-12-17","Venta Usada","Casa","x-region-de-los-lagos","X Region",NA
"272","2891692","9",NA,10000,600,NA,"UF 19.900,00","615645305","19900.00","2021-12-17","Venta Usada","Casa","x-region-de-los-lagos","X Region",1.99
"273","5481188","4",NA,370,370,"6","$ 150.000.000"," 150000000","4848.57104530343","2021-12-17","Venta Usada","Casa","x-region-de-los-lagos","X Region",13.1042460683876
"274","6027013","3",NA,145,96,"2","UF 4.390,00","135813210.5","4390.00","2021-12-17","Venta Usada","Casa","x-region-de-los-lagos","X Region",30.2758620689655
"275","6027092","2",NA,110,110,"2","UF 5.670,00","175412506.5","5670.00","2021-12-17","Venta Usada","Casa","x-region-de-los-lagos","X Region",51.5454545454545
"276","5701728","3",NA,5000,152,"5","UF 9.622,00","297675332.9","9622.00","2021-12-17","Venta Usada","Casa","x-region-de-los-lagos","X Region",1.9244
"277","5695981","2",NA,993.37,65,NA,"$ 85.000.000"," 85000000","2747.52359233861","2021-12-17","Venta Usada","Casa","x-region-de-los-lagos","X Region",2.7658612524423
"278","5251571","5",NA,5500,160,"8","UF 10.300,00","318650585","10300.00","2021-12-17","Venta Usada","Casa","x-region-de-los-lagos","X Region",1.87272727272727
"279","5631490","4",NA,5000,242.5,"6","UF 11.250,00","348040687.5","11250.00","2021-12-17","Venta Usada","Casa","x-region-de-los-lagos","X Region",2.25
"280","5473857","3",NA,2530,119.43,"8","UF 8.850,00","273792007.5","8850.00","2021-12-17","Venta Usada","Casa","x-region-de-los-lagos","X Region",3.49802371541502
"281","5268006","3",NA,70,70,"1","UF 7.500,00","232027125","7500.00","2021-12-17","Venta Usada","Casa","x-region-de-los-lagos","X Region",107.142857142857
"282","6187127","3",NA,200,113,"3","$ 110.000.000"," 110000000","3555.61876655585","2021-12-17","Venta Usada","Casa","x-region-de-los-lagos","X Region",17.7780938327792
"283","5104003","9",NA,5000,600,NA,"$ 650.000.000"," 650000000","21010.4745296482","2021-12-17","Venta Usada","Casa","x-region-de-los-lagos","X Region",4.20209490592964
"284","6185825","4",NA,192,117,"1","UF 4.473,00","138380977.35","4473.00","2021-12-17","Venta Usada","Casa","x-region-de-los-lagos","X Region",23.296875
"285","6185814","2",NA,80,54,NA,"$ 70.000.000"," 70000000","2262.66648780827","2021-12-17","Venta Usada","Casa","x-region-de-los-lagos","X Region",28.2833310976034
"286","5300392","3",NA,165,80,"2","UF 3.000,00","92810850","3000.00","2021-12-17","Venta Usada","Casa","x-region-de-los-lagos","X Region",18.1818181818182
"287","6185022","2",NA,52,120,"1","$ 53.900.000"," 53900000","1742.25319561237","2021-12-17","Venta Usada","Casa","x-region-de-los-lagos","X Region",33.5048691463917
"288","6182985","5",NA,5000,175,"6","UF 13.500,00","417648825","13500.00","2021-12-17","Venta Usada","Casa","x-region-de-los-lagos","X Region",2.7
"289","5762423","3",NA,5000,230,"2","UF 18.500,00","572333575","18500.00","2021-12-17","Venta Usada","Casa","x-region-de-los-lagos","X Region",3.7
"290","5636572","3",NA,2540,217,"6","$ 270.000.000"," 270000000","8727.42788154618","2021-12-16","Venta Usada","Casa","x-region-de-los-lagos","X Region",3.43599522895519
"291","5626595","6",NA,5000,350,"8","UF 21.000,00","649675950","21000.00","2021-12-16","Venta Usada","Casa","x-region-de-los-lagos","X Region",4.2
"292","5888464","3",NA,5000,125,NA,"$ 120.000.000"," 120000000","3878.85683624275","2021-12-16","Venta Nueva","Casa","x-region-de-los-lagos","X Region",0.77577136724855
"293","6110768","1",NA,160,60,"2","$ 67.000.000"," 67000000","2165.6950669022","2021-12-16","Venta Usada","Casa","x-region-de-los-lagos","X Region",13.5355941681387
"294","6181548","5",NA,5000,300,NA,"UF 15.000,00","464054250","15000.00","2021-12-16","Venta Nueva","Casa","x-region-de-los-lagos","X Region",3
"295","6109521","5",NA,185,139,"1","UF 4.890,00","151281685.5","4890.00","2021-12-16","Venta Usada","Casa","x-region-de-los-lagos","X Region",26.4324324324324
"296","5745077","3",NA,96,96,"2","UF 4.290,00","132719515.5","4290.00","2021-12-16","Venta Usada","Casa","x-region-de-los-lagos","X Region",44.6875
"297","6181130","7",NA,700,700,NA,"$ 350.000.000"," 350000000","11313.3324390413","2021-12-16","Venta Usada","Casa","x-region-de-los-lagos","X Region",16.1619034843447
"298","6178867",NA,NA,800,800,"6","UF 27.500,00","850766125","27500.00","2021-12-16","Venta Usada","Casa","x-region-de-los-lagos","X Region",34.375
"299","5884144","3",NA,173,57,NA,"$ 73.000.000"," 73000000","2359.63790871434","2021-12-15","Venta Usada","Casa","x-region-de-los-lagos","X Region",13.6395254838979
"300","5107763","3",NA,5000,228,"2","$ 235.000.000"," 235000000","7596.09463764204","2021-12-15","Venta Usada","Casa","x-region-de-los-lagos","X Region",1.51921892752841
"301","4020068","6",NA,12000,35,NA,"$ 330.000.000"," 330000000","10666.8562996676","2021-12-15","Venta Usada","Casa","x-region-de-los-lagos","X Region",0.888904691638967
"302","5438022","2",NA,5000,200,NA,"$ 120.000.000"," 120000000","3878.85683624275","2021-12-15","Venta Usada","Casa","x-region-de-los-lagos","X Region",0.77577136724855
"303","5261783","10",NA,110,300,NA,"UF 3.400,00","105185630","3400.00","2021-12-15","Venta Usada","Casa","x-region-de-los-lagos","X Region",30.9090909090909
"304","5691061","3",NA,163,84,"1","UF 3.989,00","123407493.55","3989.00","2021-12-15","Venta Usada","Casa","x-region-de-los-lagos","X Region",24.4723926380368
"305","5300083","4",NA,7870,126,NA,"UF 3.150,00","97451392.5","3150.00","2021-12-15","Venta Usada","Casa","x-region-de-los-lagos","X Region",0.400254129606099
"306","6174680","8",NA,0,0,NA,"UF 11.290,00","349278165.5","11290.00","2021-12-15","Venta Usada","Casa","x-region-de-los-lagos","X Region",Inf
"307","5952513","3",NA,5000,250,NA,"UF 14.500,00","448585775","14500.00","2021-12-14","Venta Usada","Casa","x-region-de-los-lagos","X Region",2.9
"308","6171250","5",NA,521,152,NA,"$ 250.000.000"," 250000000","8080.95174217239","2021-12-14","Venta Usada","Casa","x-region-de-los-lagos","X Region",15.5104639964921
"309","5847482","5",NA,1673,320,"2","UF 6.117,00","189241323.15","6117.00","2021-12-14","Venta Usada","Casa","x-region-de-los-lagos","X Region",3.65630603705918
"310","5847331","4",NA,144,100,"1","UF 3.657,00","113136426.15","3657.00","2021-12-14","Venta Usada","Casa","x-region-de-los-lagos","X Region",25.3958333333333
"311","5847291","2",NA,144,60,"2","UF 2.094,00","64781973.3","2094.00","2021-12-14","Venta Usada","Casa","x-region-de-los-lagos","X Region",14.5416666666667
"312","5847188","3",NA,86,700,"3","UF 4.125,00","127614918.75","4125.00","2021-12-14","Venta Usada","Casa","x-region-de-los-lagos","X Region",47.9651162790698
"313","5847077","5",NA,198,20000,"4","UF 11.800,00","365056010","11800.00","2021-12-14","Venta Usada","Casa","x-region-de-los-lagos","X Region",59.5959595959596
"314","5847024","4",NA,155,5000,"4","UF 5.710,00","176649984.5","5710.00","2021-12-14","Venta Usada","Casa","x-region-de-los-lagos","X Region",36.8387096774194
"315","5846997","10",NA,366,5000,"4","UF 8.380,00","259251641","8380.00","2021-12-14","Venta Nueva","Casa","x-region-de-los-lagos","X Region",22.896174863388
"316","5846933","3",NA,236,5000,"3","UF 7.965,00","246412806.75","7965.00","2021-12-14","Venta Nueva","Casa","x-region-de-los-lagos","X Region",33.75
"317","5846885","4",NA,240,7000,"3","UF 10.800,00","334119060","10800.00","2021-12-14","Venta Nueva","Casa","x-region-de-los-lagos","X Region",45
"318","5846824","7",NA,9900,477,"4","UF 20.000,00","618739000","20000.00","2021-12-14","Venta Usada","Casa","x-region-de-los-lagos","X Region",2.02020202020202
"319","5293254","4",NA,100,100,NA,"UF 2.215,00","68525344.25","2215.00","2021-12-14","Venta Usada","Casa","x-region-de-los-lagos","X Region",22.15
"320","5523556","3",NA,5000,272,"3","UF 10.000,00","309369500","10000.00","2021-12-14","Venta Usada","Casa","x-region-de-los-lagos","X Region",2
"321","5434682","2",NA,9794,9794,"1","UF 9.990,00","309060130.5","9990.00","2021-12-14","Venta Usada","Casa","x-region-de-los-lagos","X Region",1.02001225239943
"322","5818118","3",NA,5000,120,NA,"UF 7.100,00","219652345","7100.00","2021-12-14","Venta Usada","Casa","x-region-de-los-lagos","X Region",1.42
"323","5628366","3",NA,341,341,"5","UF 76.000.000,00","2351208200000","76000000.00","2021-12-14","Venta Usada","Casa","x-region-de-los-lagos","X Region",222873.900293255
"324","5300121","4",NA,162,146,"1","UF 4.200,00","129935190","4200.00","2021-12-14","Venta Usada","Casa","x-region-de-los-lagos","X Region",25.9259259259259
"325","3684393","4",NA,1200,600,NA,"UF 16.000,00","494991200","16000.00","2021-12-14","Venta Usada","Casa","x-region-de-los-lagos","X Region",13.3333333333333
"326","5577139","3",NA,5000,5000,"1","$ 220.000.000"," 220000000","7111.2375331117","2021-12-14","Venta Usada","Casa","x-region-de-los-lagos","X Region",1.42224750662234
"327","6168649","4",NA,144,94,"2","UF 3.220,00","99616979","3220.00","2021-12-14","Venta Usada","Casa","x-region-de-los-lagos","X Region",22.3611111111111
"328","6168622","4",NA,1050,216,NA,"$ 218.000.000"," 218000000","7046.58991917432","2021-12-14","Venta Usada","Casa","x-region-de-los-lagos","X Region",6.71103801826126
"329","6168606","3",NA,225,125,"2","UF 7.375,00","228160006.25","7375.00","2021-12-14","Venta Usada","Casa","x-region-de-los-lagos","X Region",32.7777777777778
"330","6168482","5",NA,5000,160,NA,"UF 13.000,00","402180350","13000.00","2021-12-14","Venta Usada","Casa","x-region-de-los-lagos","X Region",2.6
